PLASTICS_APPLICATIONS,Plastiques applications,TIME,Temps,Value,Flag Codes,Flags
OTHER,Autres,1990,1990,19.433,,
OTHER,Autres,1991,1991,20.16,,
OTHER,Autres,1992,1992,21.44,,
OTHER,Autres,1993,1993,22.333,,
OTHER,Autres,1994,1994,24.513,,
OTHER,Autres,1995,1995,25.454,,
OTHER,Autres,1996,1996,27.294,,
OTHER,Autres,1997,1997,29.319,,
OTHER,Autres,1998,1998,30.655,,
OTHER,Autres,1999,1999,32.965,,
OTHER,Autres,2000,2000,34.694,,
OTHER,Autres,2001,2001,35.538,,
OTHER,Autres,2002,2002,37.812,,
OTHER,Autres,2003,2003,39.383,,
OTHER,Autres,2004,2004,41.888,,
OTHER,Autres,2005,2005,43.074,,
OTHER,Autres,2006,2006,45.793,,
OTHER,Autres,2007,2007,48.356,,
OTHER,Autres,2008,2008,46.076,,
OTHER,Autres,2009,2009,47.253,,
OTHER,Autres,2010,2010,51.246,,
OTHER,Autres,2011,2011,53.273,,
OTHER,Autres,2012,2012,55.242,,
OTHER,Autres,2013,2013,57.555,,
OTHER,Autres,2014,2014,58.528,,
OTHER,Autres,2015,2015,60.28,,
OTHER,Autres,2016,2016,61.139,,
OTHER,Autres,2017,2017,62.728,,
OTHER,Autres,2018,2018,64.576,,
OTHER,Autres,2019,2019,66.315,,
PACKAGING,Emballages,1990,1990,39.82,,
PACKAGING,Emballages,1991,1991,41.35,,
PACKAGING,Emballages,1992,1992,44.021,,
PACKAGING,Emballages,1993,1993,45.901,,
PACKAGING,Emballages,1994,1994,50.433,,
PACKAGING,Emballages,1995,1995,52.424,,
PACKAGING,Emballages,1996,1996,56.273,,
PACKAGING,Emballages,1997,1997,60.512,,
PACKAGING,Emballages,1998,1998,63.337,,
PACKAGING,Emballages,1999,1999,68.182,,
PACKAGING,Emballages,2000,2000,71.837,,
PACKAGING,Emballages,2001,2001,73.664,,
PACKAGING,Emballages,2002,2002,78.464,,
PACKAGING,Emballages,2003,2003,81.814,,
PACKAGING,Emballages,2004,2004,87.116,,
PACKAGING,Emballages,2005,2005,89.684,,
PACKAGING,Emballages,2006,2006,95.452,,
PACKAGING,Emballages,2007,2007,100.909,,
PACKAGING,Emballages,2008,2008,96.262,,
PACKAGING,Emballages,2009,2009,98.835,,
PACKAGING,Emballages,2010,2010,107.333,,
PACKAGING,Emballages,2011,2011,111.73,,
PACKAGING,Emballages,2012,2012,116.018,,
PACKAGING,Emballages,2013,2013,121.045,,
PACKAGING,Emballages,2014,2014,123.263,,
PACKAGING,Emballages,2015,2015,128.013,,
PACKAGING,Emballages,2016,2016,130.902,,
PACKAGING,Emballages,2017,2017,134.632,,
PACKAGING,Emballages,2018,2018,138.448,,
PACKAGING,Emballages,2019,2019,142.599,,
CONSUMER___INSTITUTIONAL_PRODUCTS,Produits institutionnels & de consommation,1990,1990,13.77,,
CONSUMER___INSTITUTIONAL_PRODUCTS,Produits institutionnels & de consommation,1991,1991,14.277,,
CONSUMER___INSTITUTIONAL_PRODUCTS,Produits institutionnels & de consommation,1992,1992,15.177,,
CONSUMER___INSTITUTIONAL_PRODUCTS,Produits institutionnels & de consommation,1993,1993,15.801,,
CONSUMER___INSTITUTIONAL_PRODUCTS,Produits institutionnels & de consommation,1994,1994,17.336,,
CONSUMER___INSTITUTIONAL_PRODUCTS,Produits institutionnels & de consommation,1995,1995,17.993,,
CONSUMER___INSTITUTIONAL_PRODUCTS,Produits institutionnels & de consommation,1996,1996,19.286,,
CONSUMER___INSTITUTIONAL_PRODUCTS,Produits institutionnels & de consommation,1997,1997,20.708,,
CONSUMER___INSTITUTIONAL_PRODUCTS,Produits institutionnels & de consommation,1998,1998,21.642,,
CONSUMER___INSTITUTIONAL_PRODUCTS,Produits institutionnels & de consommation,1999,1999,23.263,,
CONSUMER___INSTITUTIONAL_PRODUCTS,Produits institutionnels & de consommation,2000,2000,24.474,,
CONSUMER___INSTITUTIONAL_PRODUCTS,Produits institutionnels & de consommation,2001,2001,25.06,,
CONSUMER___INSTITUTIONAL_PRODUCTS,Produits institutionnels & de consommation,2002,2002,26.654,,
CONSUMER___INSTITUTIONAL_PRODUCTS,Produits institutionnels & de consommation,2003,2003,27.751,,
CONSUMER___INSTITUTIONAL_PRODUCTS,Produits institutionnels & de consommation,2004,2004,29.506,,
CONSUMER___INSTITUTIONAL_PRODUCTS,Produits institutionnels & de consommation,2005,2005,30.332,,
CONSUMER___INSTITUTIONAL_PRODUCTS,Produits institutionnels & de consommation,2006,2006,32.236,,
CONSUMER___INSTITUTIONAL_PRODUCTS,Produits institutionnels & de consommation,2007,2007,34.029,,
CONSUMER___INSTITUTIONAL_PRODUCTS,Produits institutionnels & de consommation,2008,2008,32.415,,
CONSUMER___INSTITUTIONAL_PRODUCTS,Produits institutionnels & de consommation,2009,2009,33.233,,
CONSUMER___INSTITUTIONAL_PRODUCTS,Produits institutionnels & de consommation,2010,2010,36.041,,
CONSUMER___INSTITUTIONAL_PRODUCTS,Produits institutionnels & de consommation,2011,2011,37.465,,
CONSUMER___INSTITUTIONAL_PRODUCTS,Produits institutionnels & de consommation,2012,2012,38.849,,
CONSUMER___INSTITUTIONAL_PRODUCTS,Produits institutionnels & de consommation,2013,2013,40.476,,
CONSUMER___INSTITUTIONAL_PRODUCTS,Produits institutionnels & de consommation,2014,2014,41.161,,
CONSUMER___INSTITUTIONAL_PRODUCTS,Produits institutionnels & de consommation,2015,2015,42.235,,
CONSUMER___INSTITUTIONAL_PRODUCTS,Produits institutionnels & de consommation,2016,2016,42.938,,
CONSUMER___INSTITUTIONAL_PRODUCTS,Produits institutionnels & de consommation,2017,2017,44.026,,
CONSUMER___INSTITUTIONAL_PRODUCTS,Produits institutionnels & de consommation,2018,2018,45.307,,
CONSUMER___INSTITUTIONAL_PRODUCTS,Produits institutionnels & de consommation,2019,2019,46.662,,
BUILDING_AND_CONSTRUCTION,Bâtiment & construction,1990,1990,21.872,,
BUILDING_AND_CONSTRUCTION,Bâtiment & construction,1991,1991,22.684,,
BUILDING_AND_CONSTRUCTION,Bâtiment & construction,1992,1992,24.119,,
BUILDING_AND_CONSTRUCTION,Bâtiment & construction,1993,1993,25.116,,
BUILDING_AND_CONSTRUCTION,Bâtiment & construction,1994,1994,27.558,,
BUILDING_AND_CONSTRUCTION,Bâtiment & construction,1995,1995,28.606,,
BUILDING_AND_CONSTRUCTION,Bâtiment & construction,1996,1996,30.661,,
BUILDING_AND_CONSTRUCTION,Bâtiment & construction,1997,1997,32.922,,
BUILDING_AND_CONSTRUCTION,Bâtiment & construction,1998,1998,34.405,,
BUILDING_AND_CONSTRUCTION,Bâtiment & construction,1999,1999,36.978,,
BUILDING_AND_CONSTRUCTION,Bâtiment & construction,2000,2000,38.897,,
BUILDING_AND_CONSTRUCTION,Bâtiment & construction,2001,2001,39.82,,
BUILDING_AND_CONSTRUCTION,Bâtiment & construction,2002,2002,42.341,,
BUILDING_AND_CONSTRUCTION,Bâtiment & construction,2003,2003,44.072,,
BUILDING_AND_CONSTRUCTION,Bâtiment & construction,2004,2004,46.843,,
BUILDING_AND_CONSTRUCTION,Bâtiment & construction,2005,2005,48.135,,
BUILDING_AND_CONSTRUCTION,Bâtiment & construction,2006,2006,51.134,,
BUILDING_AND_CONSTRUCTION,Bâtiment & construction,2007,2007,53.952,,
BUILDING_AND_CONSTRUCTION,Bâtiment & construction,2008,2008,51.366,,
BUILDING_AND_CONSTRUCTION,Bâtiment & construction,2009,2009,52.633,,
BUILDING_AND_CONSTRUCTION,Bâtiment & construction,2010,2010,57.087,,
BUILDING_AND_CONSTRUCTION,Bâtiment & construction,2011,2011,59.35,,
BUILDING_AND_CONSTRUCTION,Bâtiment & construction,2012,2012,61.545,,
BUILDING_AND_CONSTRUCTION,Bâtiment & construction,2013,2013,64.123,,
BUILDING_AND_CONSTRUCTION,Bâtiment & construction,2014,2014,65.204,,
BUILDING_AND_CONSTRUCTION,Bâtiment & construction,2015,2015,66.882,,
BUILDING_AND_CONSTRUCTION,Bâtiment & construction,2016,2016,68.234,,
BUILDING_AND_CONSTRUCTION,Bâtiment & construction,2017,2017,71.105,,
BUILDING_AND_CONSTRUCTION,Bâtiment & construction,2018,2018,74.301,,
BUILDING_AND_CONSTRUCTION,Bâtiment & construction,2019,2019,76.893,,
ELECTRICAL_ELECTRONIC,Électrique/électronique,1990,1990,5.251,,
ELECTRICAL_ELECTRONIC,Électrique/électronique,1991,1991,5.444,,
ELECTRICAL_ELECTRONIC,Électrique/électronique,1992,1992,5.787,,
ELECTRICAL_ELECTRONIC,Électrique/électronique,1993,1993,6.024,,
ELECTRICAL_ELECTRONIC,Électrique/électronique,1994,1994,6.608,,
ELECTRICAL_ELECTRONIC,Électrique/électronique,1995,1995,6.858,,
ELECTRICAL_ELECTRONIC,Électrique/électronique,1996,1996,7.349,,
ELECTRICAL_ELECTRONIC,Électrique/électronique,1997,1997,7.89,,
ELECTRICAL_ELECTRONIC,Électrique/électronique,1998,1998,8.245,,
ELECTRICAL_ELECTRONIC,Électrique/électronique,1999,1999,8.861,,
ELECTRICAL_ELECTRONIC,Électrique/électronique,2000,2000,9.321,,
ELECTRICAL_ELECTRONIC,Électrique/électronique,2001,2001,9.542,,
ELECTRICAL_ELECTRONIC,Électrique/électronique,2002,2002,10.147,,
ELECTRICAL_ELECTRONIC,Électrique/électronique,2003,2003,10.562,,
ELECTRICAL_ELECTRONIC,Électrique/électronique,2004,2004,11.228,,
ELECTRICAL_ELECTRONIC,Électrique/électronique,2005,2005,11.54,,
ELECTRICAL_ELECTRONIC,Électrique/électronique,2006,2006,12.262,,
ELECTRICAL_ELECTRONIC,Électrique/électronique,2007,2007,12.941,,
ELECTRICAL_ELECTRONIC,Électrique/électronique,2008,2008,12.324,,
ELECTRICAL_ELECTRONIC,Électrique/électronique,2009,2009,12.633,,
ELECTRICAL_ELECTRONIC,Électrique/électronique,2010,2010,13.699,,
ELECTRICAL_ELECTRONIC,Électrique/électronique,2011,2011,14.24,,
ELECTRICAL_ELECTRONIC,Électrique/électronique,2012,2012,14.766,,
ELECTRICAL_ELECTRONIC,Électrique/électronique,2013,2013,15.383,,
ELECTRICAL_ELECTRONIC,Électrique/électronique,2014,2014,15.643,,
ELECTRICAL_ELECTRONIC,Électrique/électronique,2015,2015,15.942,,
ELECTRICAL_ELECTRONIC,Électrique/électronique,2016,2016,15.903,,
ELECTRICAL_ELECTRONIC,Électrique/électronique,2017,2017,16.264,,
ELECTRICAL_ELECTRONIC,Électrique/électronique,2018,2018,16.815,,
ELECTRICAL_ELECTRONIC,Électrique/électronique,2019,2019,17.305,,
TRANSPORTATION_-_OTHER,Transport - autres,1990,1990,14.752,,
TRANSPORTATION_-_OTHER,Transport - autres,1991,1991,15.342,,
TRANSPORTATION_-_OTHER,Transport - autres,1992,1992,16.358,,
TRANSPORTATION_-_OTHER,Transport - autres,1993,1993,17.082,,
TRANSPORTATION_-_OTHER,Transport - autres,1994,1994,18.797,,
TRANSPORTATION_-_OTHER,Transport - autres,1995,1995,19.567,,
TRANSPORTATION_-_OTHER,Transport - autres,1996,1996,21.033,,
TRANSPORTATION_-_OTHER,Transport - autres,1997,1997,22.649,,
TRANSPORTATION_-_OTHER,Transport - autres,1998,1998,23.738,,
TRANSPORTATION_-_OTHER,Transport - autres,1999,1999,25.588,,
TRANSPORTATION_-_OTHER,Transport - autres,2000,2000,26.995,,
TRANSPORTATION_-_OTHER,Transport - autres,2001,2001,27.717,,
TRANSPORTATION_-_OTHER,Transport - autres,2002,2002,29.559,,
TRANSPORTATION_-_OTHER,Transport - autres,2003,2003,30.859,,
TRANSPORTATION_-_OTHER,Transport - autres,2004,2004,32.898,,
TRANSPORTATION_-_OTHER,Transport - autres,2005,2005,33.907,,
TRANSPORTATION_-_OTHER,Transport - autres,2006,2006,36.129,,
TRANSPORTATION_-_OTHER,Transport - autres,2007,2007,38.237,,
TRANSPORTATION_-_OTHER,Transport - autres,2008,2008,36.516,,
TRANSPORTATION_-_OTHER,Transport - autres,2009,2009,37.531,,
TRANSPORTATION_-_OTHER,Transport - autres,2010,2010,40.853,,
TRANSPORTATION_-_OTHER,Transport - autres,2011,2011,42.623,,
TRANSPORTATION_-_OTHER,Transport - autres,2012,2012,44.358,,
TRANSPORTATION_-_OTHER,Transport - autres,2013,2013,46.381,,
TRANSPORTATION_-_OTHER,Transport - autres,2014,2014,47.333,,
TRANSPORTATION_-_OTHER,Transport - autres,2015,2015,48.23,,
TRANSPORTATION_-_OTHER,Transport - autres,2016,2016,48.885,,
TRANSPORTATION_-_OTHER,Transport - autres,2017,2017,50.434,,
TRANSPORTATION_-_OTHER,Transport - autres,2018,2018,52.553,,
TRANSPORTATION_-_OTHER,Transport - autres,2019,2019,54.431,,
MARINE_COATINGS,Revêtements marins,1990,1990,0.163,,
MARINE_COATINGS,Revêtements marins,1991,1991,0.169,,
MARINE_COATINGS,Revêtements marins,1992,1992,0.18,,
MARINE_COATINGS,Revêtements marins,1993,1993,0.187,,
MARINE_COATINGS,Revêtements marins,1994,1994,0.205,,
MARINE_COATINGS,Revêtements marins,1995,1995,0.213,,
MARINE_COATINGS,Revêtements marins,1996,1996,0.228,,
MARINE_COATINGS,Revêtements marins,1997,1997,0.245,,
MARINE_COATINGS,Revêtements marins,1998,1998,0.257,,
MARINE_COATINGS,Revêtements marins,1999,1999,0.276,,
MARINE_COATINGS,Revêtements marins,2000,2000,0.29,,
MARINE_COATINGS,Revêtements marins,2001,2001,0.297,,
MARINE_COATINGS,Revêtements marins,2002,2002,0.316,,
MARINE_COATINGS,Revêtements marins,2003,2003,0.329,,
MARINE_COATINGS,Revêtements marins,2004,2004,0.35,,
MARINE_COATINGS,Revêtements marins,2005,2005,0.36,,
MARINE_COATINGS,Revêtements marins,2006,2006,0.383,,
MARINE_COATINGS,Revêtements marins,2007,2007,0.404,,
MARINE_COATINGS,Revêtements marins,2008,2008,0.385,,
MARINE_COATINGS,Revêtements marins,2009,2009,0.395,,
MARINE_COATINGS,Revêtements marins,2010,2010,0.429,,
MARINE_COATINGS,Revêtements marins,2011,2011,0.446,,
MARINE_COATINGS,Revêtements marins,2012,2012,0.463,,
MARINE_COATINGS,Revêtements marins,2013,2013,0.483,,
MARINE_COATINGS,Revêtements marins,2014,2014,0.492,,
MARINE_COATINGS,Revêtements marins,2015,2015,0.5,,
MARINE_COATINGS,Revêtements marins,2016,2016,0.502,,
MARINE_COATINGS,Revêtements marins,2017,2017,0.509,,
MARINE_COATINGS,Revêtements marins,2018,2018,0.524,,
MARINE_COATINGS,Revêtements marins,2019,2019,0.541,,
INDUSTRIAL_MACHINERY,Industriel/machines,1990,1990,0.817,,
INDUSTRIAL_MACHINERY,Industriel/machines,1991,1991,0.846,,
INDUSTRIAL_MACHINERY,Industriel/machines,1992,1992,0.898,,
INDUSTRIAL_MACHINERY,Industriel/machines,1993,1993,0.934,,
INDUSTRIAL_MACHINERY,Industriel/machines,1994,1994,1.024,,
INDUSTRIAL_MACHINERY,Industriel/machines,1995,1995,1.062,,
INDUSTRIAL_MACHINERY,Industriel/machines,1996,1996,1.136,,
INDUSTRIAL_MACHINERY,Industriel/machines,1997,1997,1.219,,
INDUSTRIAL_MACHINERY,Industriel/machines,1998,1998,1.272,,
INDUSTRIAL_MACHINERY,Industriel/machines,1999,1999,1.365,,
INDUSTRIAL_MACHINERY,Industriel/machines,2000,2000,1.434,,
INDUSTRIAL_MACHINERY,Industriel/machines,2001,2001,1.466,,
INDUSTRIAL_MACHINERY,Industriel/machines,2002,2002,1.557,,
INDUSTRIAL_MACHINERY,Industriel/machines,2003,2003,1.618,,
INDUSTRIAL_MACHINERY,Industriel/machines,2004,2004,1.717,,
INDUSTRIAL_MACHINERY,Industriel/machines,2005,2005,1.762,,
INDUSTRIAL_MACHINERY,Industriel/machines,2006,2006,1.869,,
INDUSTRIAL_MACHINERY,Industriel/machines,2007,2007,1.969,,
INDUSTRIAL_MACHINERY,Industriel/machines,2008,2008,1.872,,
INDUSTRIAL_MACHINERY,Industriel/machines,2009,2009,1.915,,
INDUSTRIAL_MACHINERY,Industriel/machines,2010,2010,2.067,,
INDUSTRIAL_MACHINERY,Industriel/machines,2011,2011,2.139,,
INDUSTRIAL_MACHINERY,Industriel/machines,2012,2012,2.207,,
INDUSTRIAL_MACHINERY,Industriel/machines,2013,2013,2.288,,
INDUSTRIAL_MACHINERY,Industriel/machines,2014,2014,2.315,,
INDUSTRIAL_MACHINERY,Industriel/machines,2015,2015,2.427,,
INDUSTRIAL_MACHINERY,Industriel/machines,2016,2016,2.419,,
INDUSTRIAL_MACHINERY,Industriel/machines,2017,2017,2.495,,
INDUSTRIAL_MACHINERY,Industriel/machines,2018,2018,2.599,,
INDUSTRIAL_MACHINERY,Industriel/machines,2019,2019,2.683,,
PERSONAL_CARE_PRODUCTS,Produits de soins personnels,1990,1990,0.007,,
PERSONAL_CARE_PRODUCTS,Produits de soins personnels,1991,1991,0.007,,
PERSONAL_CARE_PRODUCTS,Produits de soins personnels,1992,1992,0.008,,
PERSONAL_CARE_PRODUCTS,Produits de soins personnels,1993,1993,0.008,,
PERSONAL_CARE_PRODUCTS,Produits de soins personnels,1994,1994,0.009,,
PERSONAL_CARE_PRODUCTS,Produits de soins personnels,1995,1995,0.009,,
PERSONAL_CARE_PRODUCTS,Produits de soins personnels,1996,1996,0.01,,
PERSONAL_CARE_PRODUCTS,Produits de soins personnels,1997,1997,0.011,,
PERSONAL_CARE_PRODUCTS,Produits de soins personnels,1998,1998,0.011,,
PERSONAL_CARE_PRODUCTS,Produits de soins personnels,1999,1999,0.012,,
PERSONAL_CARE_PRODUCTS,Produits de soins personnels,2000,2000,0.013,,
PERSONAL_CARE_PRODUCTS,Produits de soins personnels,2001,2001,0.013,,
PERSONAL_CARE_PRODUCTS,Produits de soins personnels,2002,2002,0.014,,
PERSONAL_CARE_PRODUCTS,Produits de soins personnels,2003,2003,0.015,,
PERSONAL_CARE_PRODUCTS,Produits de soins personnels,2004,2004,0.016,,
PERSONAL_CARE_PRODUCTS,Produits de soins personnels,2005,2005,0.017,,
PERSONAL_CARE_PRODUCTS,Produits de soins personnels,2006,2006,0.018,,
PERSONAL_CARE_PRODUCTS,Produits de soins personnels,2007,2007,0.019,,
PERSONAL_CARE_PRODUCTS,Produits de soins personnels,2008,2008,0.018,,
PERSONAL_CARE_PRODUCTS,Produits de soins personnels,2009,2009,0.019,,
PERSONAL_CARE_PRODUCTS,Produits de soins personnels,2010,2010,0.021,,
PERSONAL_CARE_PRODUCTS,Produits de soins personnels,2011,2011,0.022,,
PERSONAL_CARE_PRODUCTS,Produits de soins personnels,2012,2012,0.023,,
PERSONAL_CARE_PRODUCTS,Produits de soins personnels,2013,2013,0.024,,
PERSONAL_CARE_PRODUCTS,Produits de soins personnels,2014,2014,0.024,,
PERSONAL_CARE_PRODUCTS,Produits de soins personnels,2015,2015,0.025,,
PERSONAL_CARE_PRODUCTS,Produits de soins personnels,2016,2016,0.026,,
PERSONAL_CARE_PRODUCTS,Produits de soins personnels,2017,2017,0.026,,
PERSONAL_CARE_PRODUCTS,Produits de soins personnels,2018,2018,0.027,,
PERSONAL_CARE_PRODUCTS,Produits de soins personnels,2019,2019,0.027,,
TEXTILE_SECTOR_-_CLOTHING,Textiles - habillement,1990,1990,7.199,,
TEXTILE_SECTOR_-_CLOTHING,Textiles - habillement,1991,1991,7.519,,
TEXTILE_SECTOR_-_CLOTHING,Textiles - habillement,1992,1992,8.05,,
TEXTILE_SECTOR_-_CLOTHING,Textiles - habillement,1993,1993,8.441,,
TEXTILE_SECTOR_-_CLOTHING,Textiles - habillement,1994,1994,9.325,,
TEXTILE_SECTOR_-_CLOTHING,Textiles - habillement,1995,1995,9.747,,
TEXTILE_SECTOR_-_CLOTHING,Textiles - habillement,1996,1996,10.519,,
TEXTILE_SECTOR_-_CLOTHING,Textiles - habillement,1997,1997,11.371,,
TEXTILE_SECTOR_-_CLOTHING,Textiles - habillement,1998,1998,11.964,,
TEXTILE_SECTOR_-_CLOTHING,Textiles - habillement,1999,1999,12.946,,
TEXTILE_SECTOR_-_CLOTHING,Textiles - habillement,2000,2000,13.71,,
TEXTILE_SECTOR_-_CLOTHING,Textiles - habillement,2001,2001,14.129,,
TEXTILE_SECTOR_-_CLOTHING,Textiles - habillement,2002,2002,15.125,,
TEXTILE_SECTOR_-_CLOTHING,Textiles - habillement,2003,2003,15.848,,
TEXTILE_SECTOR_-_CLOTHING,Textiles - habillement,2004,2004,16.956,,
TEXTILE_SECTOR_-_CLOTHING,Textiles - habillement,2005,2005,17.539,,
TEXTILE_SECTOR_-_CLOTHING,Textiles - habillement,2006,2006,18.755,,
TEXTILE_SECTOR_-_CLOTHING,Textiles - habillement,2007,2007,19.919,,
TEXTILE_SECTOR_-_CLOTHING,Textiles - habillement,2008,2008,19.089,,
TEXTILE_SECTOR_-_CLOTHING,Textiles - habillement,2009,2009,19.688,,
TEXTILE_SECTOR_-_CLOTHING,Textiles - habillement,2010,2010,21.582,,
TEXTILE_SECTOR_-_CLOTHING,Textiles - habillement,2011,2011,22.674,,
TEXTILE_SECTOR_-_CLOTHING,Textiles - habillement,2012,2012,23.758,,
TEXTILE_SECTOR_-_CLOTHING,Textiles - habillement,2013,2013,25.009,,
TEXTILE_SECTOR_-_CLOTHING,Textiles - habillement,2014,2014,25.691,,
TEXTILE_SECTOR_-_CLOTHING,Textiles - habillement,2015,2015,26.332,,
TEXTILE_SECTOR_-_CLOTHING,Textiles - habillement,2016,2016,26.903,,
TEXTILE_SECTOR_-_CLOTHING,Textiles - habillement,2017,2017,27.482,,
TEXTILE_SECTOR_-_CLOTHING,Textiles - habillement,2018,2018,28.057,,
TEXTILE_SECTOR_-_CLOTHING,Textiles - habillement,2019,2019,28.759,,
TEXTILE_SECTOR_-_OTHERS,Textiles - autres,1990,1990,4.438,,
TEXTILE_SECTOR_-_OTHERS,Textiles - autres,1991,1991,4.61,,
TEXTILE_SECTOR_-_OTHERS,Textiles - autres,1992,1992,4.909,,
TEXTILE_SECTOR_-_OTHERS,Textiles - autres,1993,1993,5.119,,
TEXTILE_SECTOR_-_OTHERS,Textiles - autres,1994,1994,5.626,,
TEXTILE_SECTOR_-_OTHERS,Textiles - autres,1995,1995,5.849,,
TEXTILE_SECTOR_-_OTHERS,Textiles - autres,1996,1996,6.28,,
TEXTILE_SECTOR_-_OTHERS,Textiles - autres,1997,1997,6.754,,
TEXTILE_SECTOR_-_OTHERS,Textiles - autres,1998,1998,7.07,,
TEXTILE_SECTOR_-_OTHERS,Textiles - autres,1999,1999,7.612,,
TEXTILE_SECTOR_-_OTHERS,Textiles - autres,2000,2000,8.021,,
TEXTILE_SECTOR_-_OTHERS,Textiles - autres,2001,2001,8.226,,
TEXTILE_SECTOR_-_OTHERS,Textiles - autres,2002,2002,8.762,,
TEXTILE_SECTOR_-_OTHERS,Textiles - autres,2003,2003,9.137,,
TEXTILE_SECTOR_-_OTHERS,Textiles - autres,2004,2004,9.73,,
TEXTILE_SECTOR_-_OTHERS,Textiles - autres,2005,2005,10.017,,
TEXTILE_SECTOR_-_OTHERS,Textiles - autres,2006,2006,10.662,,
TEXTILE_SECTOR_-_OTHERS,Textiles - autres,2007,2007,11.272,,
TEXTILE_SECTOR_-_OTHERS,Textiles - autres,2008,2008,10.753,,
TEXTILE_SECTOR_-_OTHERS,Textiles - autres,2009,2009,11.041,,
TEXTILE_SECTOR_-_OTHERS,Textiles - autres,2010,2010,11.998,,
TEXTILE_SECTOR_-_OTHERS,Textiles - autres,2011,2011,12.497,,
TEXTILE_SECTOR_-_OTHERS,Textiles - autres,2012,2012,12.985,,
TEXTILE_SECTOR_-_OTHERS,Textiles - autres,2013,2013,13.555,,
TEXTILE_SECTOR_-_OTHERS,Textiles - autres,2014,2014,13.812,,
TEXTILE_SECTOR_-_OTHERS,Textiles - autres,2015,2015,14.186,,
TEXTILE_SECTOR_-_OTHERS,Textiles - autres,2016,2016,14.348,,
TEXTILE_SECTOR_-_OTHERS,Textiles - autres,2017,2017,14.554,,
TEXTILE_SECTOR_-_OTHERS,Textiles - autres,2018,2018,14.812,,
TEXTILE_SECTOR_-_OTHERS,Textiles - autres,2019,2019,15.116,,
ROAD_MARKING,Marquage routier,1990,1990,0.195,,
ROAD_MARKING,Marquage routier,1991,1991,0.203,,
ROAD_MARKING,Marquage routier,1992,1992,0.215,,
ROAD_MARKING,Marquage routier,1993,1993,0.224,,
ROAD_MARKING,Marquage routier,1994,1994,0.246,,
ROAD_MARKING,Marquage routier,1995,1995,0.256,,
ROAD_MARKING,Marquage routier,1996,1996,0.274,,
ROAD_MARKING,Marquage routier,1997,1997,0.295,,
ROAD_MARKING,Marquage routier,1998,1998,0.308,,
ROAD_MARKING,Marquage routier,1999,1999,0.331,,
ROAD_MARKING,Marquage routier,2000,2000,0.349,,
ROAD_MARKING,Marquage routier,2001,2001,0.357,,
ROAD_MARKING,Marquage routier,2002,2002,0.38,,
ROAD_MARKING,Marquage routier,2003,2003,0.396,,
ROAD_MARKING,Marquage routier,2004,2004,0.421,,
ROAD_MARKING,Marquage routier,2005,2005,0.433,,
ROAD_MARKING,Marquage routier,2006,2006,0.46,,
ROAD_MARKING,Marquage routier,2007,2007,0.486,,
ROAD_MARKING,Marquage routier,2008,2008,0.463,,
ROAD_MARKING,Marquage routier,2009,2009,0.475,,
ROAD_MARKING,Marquage routier,2010,2010,0.515,,
ROAD_MARKING,Marquage routier,2011,2011,0.536,,
ROAD_MARKING,Marquage routier,2012,2012,0.556,,
ROAD_MARKING,Marquage routier,2013,2013,0.579,,
ROAD_MARKING,Marquage routier,2014,2014,0.589,,
ROAD_MARKING,Marquage routier,2015,2015,0.6,,
ROAD_MARKING,Marquage routier,2016,2016,0.607,,
ROAD_MARKING,Marquage routier,2017,2017,0.63,,
ROAD_MARKING,Marquage routier,2018,2018,0.657,,
ROAD_MARKING,Marquage routier,2019,2019,0.682,,
TRANSPORTATION_-_TYRES,Transport - pneus,1990,1990,2.172,,
TRANSPORTATION_-_TYRES,Transport - pneus,1991,1991,2.259,,
TRANSPORTATION_-_TYRES,Transport - pneus,1992,1992,2.408,,
TRANSPORTATION_-_TYRES,Transport - pneus,1993,1993,2.515,,
TRANSPORTATION_-_TYRES,Transport - pneus,1994,1994,2.767,,
TRANSPORTATION_-_TYRES,Transport - pneus,1995,1995,2.88,,
TRANSPORTATION_-_TYRES,Transport - pneus,1996,1996,3.096,,
TRANSPORTATION_-_TYRES,Transport - pneus,1997,1997,3.333,,
TRANSPORTATION_-_TYRES,Transport - pneus,1998,1998,3.493,,
TRANSPORTATION_-_TYRES,Transport - pneus,1999,1999,3.765,,
TRANSPORTATION_-_TYRES,Transport - pneus,2000,2000,3.972,,
TRANSPORTATION_-_TYRES,Transport - pneus,2001,2001,4.078,,
TRANSPORTATION_-_TYRES,Transport - pneus,2002,2002,4.349,,
TRANSPORTATION_-_TYRES,Transport - pneus,2003,2003,4.54,,
TRANSPORTATION_-_TYRES,Transport - pneus,2004,2004,4.839,,
TRANSPORTATION_-_TYRES,Transport - pneus,2005,2005,4.987,,
TRANSPORTATION_-_TYRES,Transport - pneus,2006,2006,5.314,,
TRANSPORTATION_-_TYRES,Transport - pneus,2007,2007,5.623,,
TRANSPORTATION_-_TYRES,Transport - pneus,2008,2008,5.37,,
TRANSPORTATION_-_TYRES,Transport - pneus,2009,2009,5.519,,
TRANSPORTATION_-_TYRES,Transport - pneus,2010,2010,6.01,,
TRANSPORTATION_-_TYRES,Transport - pneus,2011,2011,6.274,,
TRANSPORTATION_-_TYRES,Transport - pneus,2012,2012,6.532,,
TRANSPORTATION_-_TYRES,Transport - pneus,2013,2013,6.833,,
TRANSPORTATION_-_TYRES,Transport - pneus,2014,2014,6.977,,
TRANSPORTATION_-_TYRES,Transport - pneus,2015,2015,7.1,,
TRANSPORTATION_-_TYRES,Transport - pneus,2016,2016,7.164,,
TRANSPORTATION_-_TYRES,Transport - pneus,2017,2017,7.3,,
TRANSPORTATION_-_TYRES,Transport - pneus,2018,2018,7.522,,
TRANSPORTATION_-_TYRES,Transport - pneus,2019,2019,7.734,,
,Total,1990,1990,129.887,,
,Total,1991,1991,134.87,,
,Total,1992,1992,143.569,,
,Total,1993,1993,149.685,,
,Total,1994,1994,164.447,,
,Total,1995,1995,170.917,,
,Total,1996,1996,183.44,,
,Total,1997,1997,197.228,,
,Total,1998,1998,206.397,,
,Total,1999,1999,222.145,,
,Total,2000,2000,234.008,,
,Total,2001,2001,239.907,,
,Total,2002,2002,255.48,,
,Total,2003,2003,266.323,,
,Total,2004,2004,283.508,,
,Total,2005,2005,291.788,,
,Total,2006,2006,310.465,,
,Total,2007,2007,328.116,,
,Total,2008,2008,312.909,,
,Total,2009,2009,321.169,,
,Total,2010,2010,348.88,,
,Total,2011,2011,363.27,,
,Total,2012,2012,377.301,,
,Total,2013,2013,393.737,,
,Total,2014,2014,401.032,,
,Total,2015,2015,412.751,,
,Total,2016,2016,419.97,,
,Total,2017,2017,432.184,,
,Total,2018,2018,446.2,,
,Total,2019,2019,459.746,,
